batch_size,sglang_fused_moe_triton
128.000000,0.752000
256.000000,0.855472
512.000000,1.163488
1024.000000,1.241024
2048.000000,1.716608
4096.000000,2.900064
8192.000000,5.264768
